,type,category,review,star
1,보다나 트리플 플로우 물결 고데기 크리미블루 40형,별점,"보다나 고데기 신세계네요. 머리가 깔
보다나 고데기 신세계네요. 머리가 깔끔하게 정돈 되면서 굵은 웨이브라서 자연스러워요
처음 사용하는거라서 조심스러워서 강하게 안하고 살짝씩만 찝어줘 봤는데 머릿결 손상도 없고 굉장히 자연스러운 연출을 할 수 있어서 좋았답니다.
고데기 하고 나서 웨이브 유지되는 시간도 길어서 금방 풀리거나 하지 않는 점이 맘에 들어요
여러 굵기중에 이 굵기를 선택하기를 잘 한거 같아요
너무 촘촘한 웨이브는 부담스러워서 자연스러운 물결머리를 원했거든요
웨이브를 더 굵게 하고 싶으면 고데기 집었던 간견을 멀리 띄우면 더 굵게 되기도 하고 간견을 바짝 붙히면 좀더 촘촘한 웨이브도 연출 할 수 있더라구요
저처럼 머리 잘 못 만지는 빠르고 자연스러운 연출을 할 수 있는점이 좋습니다
분들은 훨씬 더 예쁠거예요
고데기 웨이브 잡는 앞쪽이 두껍다 보니 좀 무게가 있긴하지만 쓸만해요
웨이브 위쪽은 뜨거우니까 조심하세요
장갑이랑 머리집게도 들어 있어서
저는 고데기를 나란히 평면으로 집어줘서 머리결이 전체적으로 같은 물결이 동일하게 나왔지만 고데기를 비스듬하게 해서 열을 가해주면 훨씬더 자연스러운 웨이브를 만들 수도 있네요
사진의 ㅡ 노란머리는 고데기로 가볍게 열을 가열해서 바로 찍어 본 사진이에요
사진의 ㅡ 검정머리는 정식으로 한건 아니고 전날 저녁에 시범 삼아 가볍게 고데기로 집어줘 봤는데, 하루 자고나면 다 풀릴 줄 알았는데 안풀려서 그대로 외출했어요
이사진은 다음날 오후사진이구요. 오른쪽 머리쪽은 아주 살짝 댔다가 뗐더니 좀 약하게 나왔어요.
고데기 한 다음날 저녁에 머리 감기 전까지 약간풀리긴 했지만, 웨이브가 잘 유지가 되더라구요
당일 웨이브는 진짜 잘 안풀리고 유지됐어요
단, 비오는날 습도 높은날은 풀리겠죠
고데기 하기전에 에센스 발라서 머릿결 보호 하고 사용하세요. 그럼 머리결어 윤기가 흐르네요
고데시 감은머리를 덜 말리고 사용하면 머릿결 상하는건 다 아시죠? 잘 말리시고 사용하세요^^",평점5
2,보다나 트리플 플로우 물결 고데기 크리미블루 40형,별점,"평소 보다나 덕후라 이번에 보다나에서 물결고데기가 나왔다는 소식을 듣고 얼른~! 40mm로 겟해보았습니다. 저는 머리가 긴편이라 봉고데기도 평소엔 40mm를 사용해서 물결 고데기도
평소 보다나 덕후라 이번에 보다나에서 물결고데기가 나왔다는 소식을 듣고 얼른~! 40mm로 겟해보았습니다. 저는 머리가 긴편이라 봉고데기도 평소엔 40mm를 사용해서 물결 고데기도 40mm로 선택했습니다! 요새 여름이라 더더욱 힙하고 사랑스러운 느낌의 물결펌이나 히피펌이 유행인데, 아무래도 제가 원체 반곱슬에 숱도 많은 편이라 실제 물결펌이나 히피펌 같은 느낌의 펌을 하면 엄청 부시시한 해그리그가 되거든요.. 그런분들에게 가끔 나도 물결 느낌의 헤어 스타일링을 하고싶다!! 하는 분들에게 추천드립니다!! 아주아주 간단해서 고데기를 잘 못하시는 분들도 쉽게 하실수 있을거 같아요^^
특히 저처럼 머리숱이 많으신분들은 머리를 3섹션으로 나눠서 집게핀으로 집은 후 차근차근 집어주세요! 발열판이 넓고 큼직해서 꽤 많은 머리숱을 한꺼번에 집어서 사용해도 금방 예쁜 물결 웨이브가 나옵니다! 그리고 열판이 세라믹 열판에, 밖으로 열판이 노출되지 않는 스타일이라 . 조금더 힘을 눌러 잡고 싶은 분들은 물결 고데기 제일 윗끝부분은 많이 뜨겁지 않기 때문에 집게 손가락으로 살짝씩 눌러가면서 집어주시면 저 힘있게 집어집니다!
인위적이지 않고 러블리한 느낌을 간단히 고데기로 내시고 싶으신 분들은 40mm 물결고데기 ㅎㅎㅎ 빠르고 쉽게 셀프 스타일링을 할 수 있고,
물결펌도 부담스럽지 않은 정도로 나오기 때문에 딱이에요~!!!",평점5
3,보다나 트리플 플로우 물결 고데기 크리미블루 40형,별점,"고데기는 전부 보다나제품으로 가지고있어요판고데기,봉고데기36mm 로 가지고있는데 물결고데기는 40mm라서 그런지 손에 들고 머리를 했을때 확실히 묵직하더라구요. 그리고 머리하면서
고데기는 전부 보다나제품으로 가지고있어요
판고데기,봉고데기36mm 로 가지고있는데 물결고데기는 40mm라서 그런지 손에 들고 머리를 했을때 확실히 묵직하더라구요. 그리고 머리하면서 이리저리 움직이다보면 손이 전원버튼을 누르게되요.. 그래서 온도가 설정해둔 온도에서 한단계씩 올라가게되서 다시 여러번눌러 온도조정해줘야되는 작은 불편함이 있네요. 봉고데기는 전원버튼이 위아래로 올렸다내렸다하는 버튼이 있고, 온도조정하는버튼도 다이얼식으로 돌리게끔 따로 나뉘어 되있어서 고데기 조작하다가 잘못눌러지거나 그런일은 없거든요~ 물결고데기는 이게 좀 불편한거같아요ㅠ 아무래도 그립도 그렇고 능숙한게 아니니까 자꾸 전원버튼을 눌리게되는거 말곤 무게가 묵직해도 두~ 그리고 40mm~ 전 긴생머리인데 머리가 기신분들은 자연스럽게 물결하고싶으심 한번찝고 끝나는지점 아래 바로 찝지마시고 간격을 좀 더 띄워서 다시 시작하시는게 빠글빠글 안되고 더 자연스럽게 되는거같아요~ 전 서툴러서 타이트하게 찝었더니 치즈인더트랩 홍설역 김고은님 머리스탈처럼 되서..놀랐어요ㅋㅋㅋ",평점5
4,보다나 트리플 플로우 물결 고데기 크리미블루 40형,별점,"한달 후기를 쓰자면제가 기존에 산 스프링 컬렉션 >초록색은지금 나온 파란색보다 무거워요그리고 색상은 예쁘지만 금방 때가 타는데이 크리미 블루는 조금 더 가볍고 스크래치도 좀
한달 후기를 쓰자면
제가 기존에 산 스프링 컬렉션 >초록색은
지금 나온 파란색보다 무거워요
그리고 색상은 예쁘지만 금방 때가 타는데

이 크리미 블루는 조금 더 가볍고 스크래치도 좀 덜나고 때도 덜타요

1만원 정도 차이 나는 것 같은데 ㅠㅡㅠ 이걸로 살걸 싶어요
분명 색깔 차이라 생각했는데
역시 꼼꼼하게 확인 안 하고 산 제 잘못이죠
그래도 진짜 보다나다 물론 기존의 봉고데기도 잘 썼는데

- 일단 머리 상하는 건 어쩔 수 없을 것 같고요
- 40mm지만 머리 길이에 따라 또 모발양 따라 조금씩 다르게 나올 것 같아요
모발에 힘이 있는 사람은 좀 탱글탱글한데
가늘고 쳐질 모발은 확실히 금방 가라 앉아요
근데도 자연스럽게 날리듯한 표현이라 괜춘합니다",평점5
5,보다나 트리플 플로우 물결 고데기 크리미블루 40형,별점,"예전부터 갖고싶어서 눈여겨보다 보통 고데기에 비해 가격이 좀 부담되어 미루다 이번에 구매하게 됐어요... 구매를 미룬 제가 너무 후회될정도로 만족합니다.ᐟ.ᐟ.ᐟ 평소에 금손 소리
예전부터 갖고싶어서 눈여겨보다 보통 고데기에 비해 가격이 좀 부담되어 미루다 이번에 구매하게 됐어요... 구매를 미룬 제가 너무 후회될정도로 만족합니다.ᐟ.ᐟ.ᐟ 평소에 금손 소리 꽤 듣는데도 판고데기로 물결을 살리기 쉽지 않아서 여러 물결 고데기 찾아봤었거든요 근데 물결이 다 너무 촘촘한 히피펌 느낌이 많아서 두꺼워보이는 이걸로 구매했는데 적당히 예쁜컬 나옵니다.ᐟ.ᐟ 오자마자 시험삼아 한번 말아본건데 이걸로 머리 셋팅하니 30분도 안걸리더라고요 적응하면 더 빨리 더 예쁘게 할수 있을거같아요ㅎㅎ 리뷰에 조금 무겁다는 얘기가 많아서 걱정을 했는데 저는 그렇게 무겁진 않았어요.ᐟ 당연히 롤 두개를 붙여놓으니 고데기 두배정도의 무게이긴 하나 사용이 어려울정도로 무겁거나 그러진 않아요ㅎㅎㅎ 앞으로 잘 사용할것 같습니다♥",평점5
6,보다나 트리플 플로우 물결 고데기 크리미블루 40형,별점,"굵은 느낌에 웨이브 느낌 주고 싶어서찾아보다가 물결고데기 보고 구매했어요:) 보다나 고데기는 💗판고데기,봉36mm,봉40mm💗종류별로 가지고 있는 애정템이라 고민 없이 바로구매
굵은 느낌에 웨이브 느낌 주고 싶어서
찾아보다가 물결고데기 보고 구매했어요:)
보다나 고데기는 💗판고데기,봉36mm,봉40mm💗
종류별로 가지고 있는 애정템이라
고민 없이 바로구매 했어요:)
저는 중안부가 긴느낌에 얼굴이라서
머리밑단보다 얼굴옆라인이 풍성한게
더 잘어울리는 타입인대 엄청잘 어울리는거같아요 :) 구매전 판고데기로 연출했는대 컬감은
비교도 안되게 물결고데기가 좋고요 !!
낮은 열감으로도 탱글함이 유지되는거같아요 :)
사진은 160°c에서 연출했어요!
두번정도 해보니깐 익숙해 지네요:)
단 간격주면서 연출해주는게 포인트네용ㅎㅎ
윗단 처음시작할때 안으로 들어간
:)
첫단은 꼭 살살잡고 해주세요 !
잘못하면 머리위에 자국찝히더라구요 ㅎㅎ",평점5
7,보다나 트리플 플로우 물결 고데기 크리미블루 40형,별점,"2주 정도 써봤는데 저같은 곰손도 물결 웨이브 쉽게 할 수 있어 좋아요. 다만 후덜덜하게 무겁긴 합니다 ㅠ ㅠ 그리고 머리 많이 잡으면 좀 인위적으로 보일 수 있어 적게 잡아서 했
2주 정도 써봤는데 저같은 곰손도 물결 웨이브 쉽게 할 수 있어 좋아요. 다만 후덜덜하게 무겁긴 합니다 ㅠ ㅠ 그리고 머리 많이 잡으면 좀 인위적으로 보일 수 있어 적게 잡아서 했어요~ 어차피 40미리는 벌어지는 틈도 좁아서 많이 못 넣으니 그 점은 감안하셔야. 다만 고데기 했더니 반응 굿입니다~ 그리고 컬을 좀더 탱글하게 만들고 오래가길 원하면 온도 높여서 하세요. 전 한번 하면 24시간 이상은 가네요~ 만족입니다! 조금 느슨하게 하고 싶으면 살살 집으면 됩니당.
(무게 때문에 별 반개 빼기엔 만족도가 너무 높아서 그냥 만점!)",평점5
8,보다나 트리플 플로우 물결 고데기 크리미블루 40형,별점,"백번 고민하다가 파마를 할 수 없는 머릿결이라 중요한 날만 하려고 구매했어요!첨엔 낮은 온도로 대충해보고 읭?싶어서 온도를 160과 180사이로 맞춰놓고 컬하나당 5초씩 기다렸다가
백번 고민하다가 파마를 할 수 없는 머릿결이라 중요한 날만 하려고 구매했어요!
첨엔 낮은 온도로 대충해보고 읭?싶어서 온도를 160과 180사이로 맞춰놓고 컬하나당 5초씩 기다렸다가 해봤는데 갓 히피펌하고 미용실을 나섰을 때처럼 펑키해요!(마음에 든다는 뜻)
해놓고 스프레이 약간 뿌려두면 유지력은 문제 없을듯해요🙂
저같은 똥손도 이렇게 할 정도면 웬만한 분들은 더 이쁘게 할 수 있을 것 같아요!
봉고데기랑 고민하다가 봉고데기는 머리는 물론 손까지 태워먹을 것 같아 물결고데기로 결정했는데 잘 결정했네요😚",평점5
9,보다나 트리플 플로우 물결 고데기 크리미블루 40형,별점,"좋아요
싼것도있어서 엄청고민하다가 판고데기가 보다나 거라서 이거 눈여겨보고있다가 구매합니다 살때 좋은게 오래쓰고 좋더라구요 보다나는 예열빠르고 질도좋아요 이물결고데기는하나 꼭알아두셔야할거있어요 왼손으로 하셔야해요 그래야 에스자로 나옵니다 오른손으로하면 거꾸로에스자라서 뿌리부분처음을시작할때 위로 올라오게 안됩니다 왜이렇게 만들었는지 첨엔의야했는데 써보니 오른손으로 머리잡고 정리하고하는게 맞는거같기도해서 조금연습하면 괜찮을듯해요",평점5
10,보다나 트리플 플로우 물결 고데기 크리미블루 40형,별점,"디자인도 일단 예쁘고 색상도 예쁘고 다 만족스럽습니다물결 고데기펌 일반고데기로도, 타사 제품으로도 해봤었는데 한번도 탱글한 예쁜 물결이 된적이 없어서 그냥 봉고데기로 항상 하고 다
디자인도 일단 예쁘고 색상도 예쁘고 다 만족스럽습니다
물결 고데기펌 일반고데기로도, 타사 제품으로도 해봤었는데 한번도 탱글한 예쁜 물결이 된적이 없어서 그냥 봉고데기로 항상 하고 다녔는데 이 제품은 확실히 가격 값을 해요!
일단 두께가 두꺼워서 굵지만 확실한 컬을 만들어주고 굵어서 더 자연스러워요!
다른 물결펌 고데기로 했을땐 뭔가 파마 하고 한달이상 지난듯한 부시시한 머리가 완성 되었는데 이건 확실히 손상이 적은건지 하고 나서도 윤기나고 예쁘게 물결이 만들어집니다 ㅎㅎ
좀 아쉬운 점은 온도 조절이 버튼식인데 20 도 단위로 설정된다는 점과 그 온도가 정확히 몇도인지 표시가 애매해요 ㅠㅠ
그것빼곤 다 만족합니다",평점5
11,보다나 트리플 플로우 물결 고데기 크리미블루 40형,별점,"꼭 사세요.너무 좋아요.두 달 전에 17,000원짜리저렴한 물결고데기 해외배송으로구입했었는데 사용도 힘들고 코팅도 안되어있어서 머리 다 상하고 겉에도 뜨거워서 손도 데이고 그랬거든
꼭 사세요.
너무 좋아요.

두 달 전에 17,000원짜리저렴한 물결고데기 해외배송으로
구입했었는데 사용도 힘들고 코팅도 안되어있어서 머리 다 상하고 겉에도 뜨거워서 손도 데이고 그랬거든요.
그래서 안쓰고 당근행.

이 번에 보다나 알게되어서 고민하다가 샀는데 진짜 쓰던거랑 차원이 다르네요.
그닥 무겁지 않아요.
머리카락 양을 조금씩 집는것 보다 많이씩 집는게 더 예쁘게 되는 것 같아요.
암튼 대만족^^",평점5
12,보다나 트리플 플로우 물결 고데기 크리미블루 40형,별점,"장점은~진짜 미용실에서 해주는 웨이브
장점은~진짜 미용실에서 해주는 웨이브를 집에서도 할수 있다는게 넘 좋았어요~~
단점은~제가 손목이 안조아서 인지 손목에 무리가 가는것같은 조금 무겁게 느껴지네요.
익숙해질때까지 연습해서 이뿌게 하고 다닌께요.
기간이지나 장갑못받은게! 못내 아쉽습니다.초짜.처음 해서 두번 디어서 장갑이 이래서 필요하구나 ㅠ 미리살껄 하는 후회.듭니다.",평점5
13,보다나 트리플 플로우 물결 고데기 크리미블루 40형,별점,"이거하면 얼굴형이 보완되서 더 어려보여요! 대신 너무발랄해보여서 드레스업한 날엔 쫌 안어울리긴해요ㅋㅋ 웨이브 잘 나오고 기계 자체가 무게감 있긴한데 머리하다 팔이 아플정돈 전혀 이
이거하면 얼굴형이 보완되서 더 어려보여요! 대신 너무발랄해보여서 드레스업한 날엔 쫌 안어울리긴해요ㅋㅋ 웨이브 잘 나오고 기계 자체가 무게감 있긴한데 머리하다 팔이 아플정돈 전혀 이니에요. 무게땜에 고민할 필욘 없는듯ㅎ 암튼 일반 봉고데기 쓰다가 이거 쓰니 기분전환되고 좋아요!",평점5
14,보다나 트리플 플로우 물결 고데기 크리미블루 40형,별점,"딱한번 사용해본거라 약간 고데기하면서 어색하고 이어지게 다시 잡는게 잘 안되는것도 같고 그런데 연습하다보면 잘 되겠죠?ㅎㅎ관심있었는데 마침 9주년방송에 할인도 해서 이때다싶어 구매
딱한번 사용해본거라 약간 고데기하면서 어색하고 이어지게 다시 잡는게 잘 안되는것도 같고 그런데 연습하다보면 잘 되겠죠?ㅎㅎ
관심있었는데 마침 9주년방송에 할인도 해서 이때다싶어 구매해봤어요
보다나는 고데기품질도 그렇지만 타제품과 다르게 예쁘기도 해서 좋아요",평점5
15,보다나 트리플 플로우 물결 고데기 크리미블루 40형,별점,"최고예요
똥손이라 솔직히 사보고 별로면 당근하려고했는데이쁘고 자연스럽게 잘되네요얇은모발 140도로 잡아줬더니 이뻐요~~뒤통수는 안보여서 하기힘들지만 컬이크기때문에 이상하진않아용뿌리쪽부터하고 머리묶어도 이뻐요참고로 동영상은 고데기하고 한참뒤에 모습입니당~~",평점5
16,보다나 트리플 플로우 물결 고데기 크리미블루 40형,별점,"웨이브 자체는 정말 잘 나오고 사용법도 간편해서 좋아요! 처음엔 생각보다 가벼워서 가볍다고 생각했는데 한번하고 나면 팔이 너무 아파요ㅠㅠ쓰다보니 무거운게 느껴지네요 한쪽하고 쉬었다
웨이브 자체는 정말 잘 나오고 사용법도 간편해서 좋아요! 처음엔 생각보다 가벼워서 가볍다고 생각했는데 한번하고 나면 팔이 너무 아파요ㅠㅠ쓰다보니 무거운게 느껴지네요 한쪽하고 쉬었다가 한쪽하고 시간이 꽤 오래 걸립니다! 가끔 스타일에 변화를 주는게 목적이라면 강강강추입니당",평점5
17,보다나 트리플 플로우 물결 고데기 크리미블루 40형,별점,"최고예요
간편하고 빠르게 물결펌을 만들 수 있다는 게 장점이에요! 무겁단 얘기가 많아서 고민도 많이 하고 샀는데 생각보다 그렇게 무겁다고 느끼진 않았네요 :)바쁜 아침에도 빠르게 사용할 수 있지만 숱이 많으신 분들한텐 좀 힘들 수도 있겠다 생각했어요 << 바로 저 ^^.. 그래도 원했던 컬이 나와서 다행이에요!",평점5
18,보다나 트리플 플로우 물결 고데기 크리미블루 40형,별점,"앵간한 거 다 써봤지만 드디어 ! 곰손을 구제해줄 템을 만났네요. 제가 제일 좋아하는 색깔이기도 하고 너무 예뻐요 보다나 민트색 판고데기랑 같이 가지고 있으니까 세상행복 ㅠ왜 안산
앵간한 거 다 써봤지만 드디어 ! 곰손을 구제해줄 템을 만났네요. 제가 제일 좋아하는 색깔이기도 하고 너무 예뻐요 보다나 민트색 판고데기랑 같이 가지고 있으니까 세상행복 ㅠ왜 안산지 모르겠어요 히피펌 #가능~~(샵가능💙🥰)",평점5
19,보다나 트리플 플로우 물결 고데기 크리미블루 40형,별점,"최고예요
일단 거의 8만원가까이 하던 제품 5만원에 사서 좋았고 성능 만족함다. 32도 좀 빠글거리는 편인거같아서 40했는데 만족해요. 보다나 봉고데기36있는데 개인적으로 물결고데기가 아마추어들이 하기엔 훨 편한거같아요. 마음에 안들면 당근하려고했는？Vㅋㅋ그냥 계속 두고 쓸거같네요. 단점은 무겁습니다. 그리고 일단 고데기가 커요. 휴대하긴 어려울드슈ㅠㅠ어디 들고가서 할수있으려나..무게도 무거워여..집에서만 놓고 쓸수있겠어요. 아 숱 적당히 좀 있는편인데 세미 해그리드 느낌정도예요. 근데 나쁘지않네요. ㅋㅋㅋㅋㅋㅋ그냥 제눈에 예뻐보임 장땡이죠 뭐",평점5
20,보다나 트리플 플로우 물결 고데기 크리미블루 40형,별점,"너무 자연스러울까봐 32mm 랑 고민했는데 진짜 딱 제가 원하는 물결이었어요!! 전소민이 물결머리하고나올때보다 더 살짝 자연스러운느낌이어서부담스럽지않아요!! 무겁다해서 걱정했는데
너무 자연스러울까봐 32mm 랑 고민했는데 진짜 딱 제가 원하는 물결이었어요!! 전소민이 물결머리하고나올때보다 더 살짝 자연스러운느낌이어서부담스럽지않아요!! 무겁다해서 걱정했는데 이렇게 편하게물결을 만들수있으면 이정도 무게는괜찮은것같아요!",평점5
21,보다나 트리플 플로우 물결 고데기 크리미블루 40형,별점,"물결 잘나와요 생각보다 엄청 드라마틱한 물결은 아닌데 자연스러운 물결웨이브연출되어요!! 40 미리보다 좀더 얇은거 했어도 될거같은 느낌 머리기장이 가슴덮는 긴기장이라 40했는데
물결 잘나와요 생각보다 엄청 드라마틱한 물결은 아닌데 자연스러운 물결웨이브연출되어요!! 40 미리보다 좀더 얇은거 했어도 될거같은 느낌 머리기장이 가슴덮는 긴기장이라 40했는데 얇은것도 구매하고싶네용 살짝 무거워서 머리할떄 좀 무겁다는게 , 아쉬워용",평점5
22,보다나 트리플 플로우 물결 고데기 크리미블루 40형,별점,"컬이 쉽게 잘 나와요!근데 저는 똥손이라 머리 넣기가 힘들어요 ㅎㅎ고데기 벌어지는 폭이 좁더라구여! 어찌어찌 그 간격에 머리카락 적당량 넣으면 웨이브가 뿅! 하고 잘 나옵니다~
컬이 쉽게 잘 나와요!
근데 저는 똥손이라 머리 넣기가 힘들어요 ㅎㅎ
고데기 벌어지는 폭이 좁더라구여!
어찌어찌 그 간격에 머리카락 적당량 넣으면 웨이브가 뿅! 하고
잘 나옵니다~ 얇은모에 염색머리카락인데 손상되는 것도 잘 못느끼겠고 나중에라도 느껴지면 에센스바르면 될것같아요
저한테는 고데기 폭에 머리 넣기가 젤 난감이예요ㅋㅋ",평점4
23,보다나 트리플 플로우 물결 고데기 크리미블루 40형,별점,"조금 무겁고 생각보다도 좀 더 머리숯을 조금씩만 넣고 해야하지만!! 그냥고데기로는 모양내기 어려운 물결웨이브를 쉽게 만들 수 있어서 대만족입니다!!그리고 제일작은사이즈인 25mm보
조금 무겁고 생각보다도 좀 더 머리숯을 조금씩만 넣고 해야하지만!! 그냥고데기로는 모양내기 어려운 물결웨이브를 쉽게 만들 수 있어서 대만족입니다!!

그리고 제일작은사이즈인 25mm보다 좀더 작은 사이즈도 나온다면 좋겠어요!",평점4
24,보다나 트리플 플로우 물결 고데기 크리미블루 40형,별점,"140-160에서 컬이 자연스럽게 나옵니다다만 버튼식이어서 꺼져있는지 직관적으로 알기 어려워서 콘셉트를 뽑아가며 사용해야할 것 같고 사용하면서 버튼이 눌리는지 자꾸 꺼집니다 상하로
140-160에서 컬이 자연스럽게 나옵니다
다만 버튼식이어서 꺼져있는지 직관적으로 알기 어려워서 콘셉트를 뽑아가며 사용해야할 것 같고 사용하면서 버튼이 눌리는지 자꾸 꺼집니다 상하로 움직이는 온오프 버튼이면 훨씬 직관적으로 사용할 수 있을 것 같습니다. 컬은 만족스러워요",평점4
25,보다나 트리플 플로우 물결 고데기 크리미블루 40형,별점,"최고예요
15%할인 이벤트 덕분에 최저가로 살 수 있었습니다. 평소 궁금해서 갖고 싶었는데 할인행사 하는 거 보고 바로 구매했네요ㅎㅎ 무게는 가볍진 않긴한데 몇번 집으면 끝나니까 못 들고있을 정도는 아닙니다. 유튜버 보고 따라 해봤는데 쉽지 않네요ㅠㅠ 컬 간격을 일정하게 만드는 것도 어렵고 제일 위에 집을 때 자국이 남습니다. 사용법이 미숙해서 그런거 같은데 연습 좀 해야될 거 같아요ㅜㅜㅜ 산걸 후회하진 않지만 연습이 필요한 제품 같습니다",평점4
26,보다나 트리플 플로우 물결 고데기 크리미블루 40형,별점,"똥손이라 고데기 사본것만 종류별로 몇가진데 스트레이트기 펴는용 말고는 제대로 써본적이없는데 너무 편하고 신세계네요굵은거 사길 잘한것같구요뿌리쪽은 좀 아쉽지만 원래도 못했으니까요 ㅎ
똥손이라 고데기 사본것만 종류별로 몇가진데 스트레이트기 펴는용 말고는 제대로 써본적이없는데 너무 편하고 신세계네요
굵은거 사길 잘한것같구요
뿌리쪽은 좀 아쉽지만 원래도 못했으니까요 ㅎㅎ
자동으로 돌아가는건 엉켜서 많이뽑힐때가있는데 이건 그럴일이없네요",평점4
27,보다나 트리플 플로우 물결 고데기 크리미블루 40형,별점,"좋아요
물결이 이쁘게 생성됨. 하지만 물결모양이 왼쪽을 할때는 뒤에서 앞으로 넣어 찝고 오른쪽 할때는 앞에서 뒤로 넣어 찝어야해서 왼쪽할때 정말 불편함. 머리숱이 많은 편인데 그래도 고데기가 많이 찝히는 편이라 아주 오래걸리진 않았음",평점4
28,보다나 트리플 플로우 물결 고데기 크리미블루 40형,별점,"좋아요
뭐랄까 중간중간 연기가 나는데 기계이상인지 원래 그럴수도 있는지 모르겠네요.. 그리고 제 오른쪽은 물결 잘나오는데 완쪽은 왜 웨이브가 약한지 모르겠어요.. 두번 써봤는데 두번다 그러네요.. 연기에 대해서 문의해보니 일단 보내라고는 하셨는데 업체확인해서 이상없는거면 택배비 물어야헌단 얘기가 좀… ㅎㅎ 분명 원래 그런건지 이상한건지를 물어본건데",평점4
29,보다나 트리플 플로우 물결 고데기 크리미블루 40형,별점,"배송도 빨리 해주시고 좋은 가격에 열
배송도 빨리 해주시고 좋은 가격에 열방지 장갑도 있어서 넘 좋았어요~ 익숙하지 않다보니 장갑이 너무 유용하더라구요~ 도착하자마자 사용해봤는데 사용법도 편하고 좋았네요~ 자연스러운 물결컬이 완성되었네요~ 익숙해지면 더 이쁘게 나올거 같아요 ㅎㅎ 영한 느낌의 웨이브가 너무 마음에 드네요 ㅎㅎ",평점4
30,보다나 트리플 플로우 물결 고데기 크리미블루 40형,별점,"집에오자마자 풀러봤네요 ㅎㅎ 무게감은 봉고데기보다 좀 있지만 그래도 확실히 판고데기보다 물결도 잘 말아지고 머릿결도 덜 상하는거 같아서 만족합니다! 길고굵은모발이라 40m 딱 좋고
집에오자마자 풀러봤네요 ㅎㅎ 무게감은 봉고데기보다 좀 있지만 그래도 확실히 판고데기보다 물결도 잘 말아지고 머릿결도 덜 상하는거 같아서 만족합니다! 길고굵은모발이라 40m 딱 좋고 물결파마 좋아하는데 이젠 파마걱정 안해도 되겠어요 ㅎㅎ",평점4
31,보다나 트리플 플로우 물결 고데기 크리미블루 40형,별점,"엄청난 고민고민 끝에 구입정말 잘한거 같아요정말정말 똥손이라 구입 고민 많았거든요유투브도 많이보고 몇번하니 금방 잘 돼요무엇보다 컬이 넘 이뿌게 나와 좋아요배송문의에도 친절히 응해
엄청난 고민고민 끝에 구입정말 잘한거 같아요
정말정말 똥손이라 구입 고민 많았거든요
유투브도 많이보고 몇번하니 금방 잘 돼요
무엇보다 컬이 넘 이뿌게 나와 좋아요
배송문의에도 친절히 응해주시구 넘 기분 좋은 구입이예요",평점4
32,보다나 트리플 플로우 물결 고데기 크리미블루 40형,별점,"유튜브 보고 주문을 해봤어용 ㅎㅎ 곰손도 가능하다길래.. 그런데 생각보다 무거운건 아닌것 같고 괜찮아요. 다만 오랫동안 하게되면 힘들긴 합니다 ㅎ 섹션도 잘 나눠서 하면 정말 잘
유튜브 보고 주문을 해봤어용 ㅎㅎ 곰손도 가능하다길래.. 그런데 생각보다 무거운건 아닌것 같고 괜찮아요. 다만 오랫동안 하게되면 힘들긴 합니다 ㅎ 섹션도 잘 나눠서 하면 정말 잘 나와요 ~ 많이 파세요",평점4
33,보다나 트리플 플로우 물결 고데기 크리미블루 40형,별점,"좋아요 물결도 이쁘고 쉽게 나오고 고데기 색도 넘 이뻐요 곰손인 저도 10분도 안걸리고 금방 했어요 단점은 판을 닫아두는 방법이 실리콘 밖에 없고, 무게가 있어서 하다보면 팔이 조
좋아요 물결도 이쁘고 쉽게 나오고 고데기 색도 넘 이뻐요 곰손인 저도 10분도 안걸리고 금방 했어요
단점은 판을 닫아두는 방법이 실리콘 밖에 없고, 무게가 있어서 하다보면 팔이 조금 아파요",평점4
34,보다나 트리플 플로우 물결 고데기 크리미블루 40형,별점,"배송완전 빨라서 깜짝 놀랐어요. 머리도 손재주 없는데도 쉽게 너무 예쁘게 잘되고 너무너무 마음에 듭니다:) 그런데 다른분들은 후기보니 장갑 받은분도 있는거 같은데, 전 없던데..예
배송완전 빨라서 깜짝 놀랐어요. 머리도 손재주 없는데도 쉽게 너무 예쁘게 잘되고 너무너무 마음에 듭니다:) 그런데 다른분들은 후기보니 장갑 받은분도 있는거 같은데, 전 없던데..예전에 줬던건데 이제는 안주는 건가요..?",평점4
35,보다나 트리플 플로우 물결 고데기 크리미블루 40형,별점,"좋긴한데 넘 무겁고 고데기모양이이 고정돼있는거라 양손바꿔서 하면 자국이 남아서 오른손으로만 계속 써야게ㅉ더라구요, 글고 40미리도 컬이 많이 나와서 큰컬 안되고 발랄한 느낌으로 연
좋긴한데 넘 무겁고 고데기모양이이 고정돼있는거라 양손바꿔서 하면 자국이 남아서 오른손으로만 계속 써야게ㅉ더라구요, 글고 40미리도 컬이 많이 나와서 큰컬 안되고 발랄한 느낌으로 연출 가능합니당",평점4
36,보다나 트리플 플로우 물결 고데기 크리미블루 40형,별점,"다른것보다 훨씬 편해서 좋아요 머리의 위 3분의1만 물결넣고 밑엔 고데기로 c컬하면 더 예쁘네요. 한번 기계로 누른 부분은 컬을 들어서 뜸들이면 확실한 s컬이 나옵니다. 똥손들 화
다른것보다 훨씬 편해서 좋아요 머리의 위 3분의1만 물결넣고 밑엔 고데기로 c컬하면 더 예쁘네요. 한번 기계로 누른 부분은 컬을 들어서 뜸들이면 확실한 s컬이 나옵니다. 똥손들 화이팅",평점4
37,보다나 트리플 플로우 물결 고데기 크리미블루 40형,별점,"테스트 해본다고 반쪽만 써봤는데 컬이너무 맘에 듭니다 ^^ 고데기가 크고 무겁긴한데컬이 잘나와서 오래 안들고 있어도 되여얼른 날씨 좋아져서 나들이갈때 쓰고 싶습니다아 참고로 진짜
테스트 해본다고 반쪽만 써봤는데 컬이
너무 맘에 듭니다 ^^ 고데기가 크고 무겁긴한데
컬이 잘나와서 오래 안들고 있어도 되여
얼른 날씨 좋아져서 나들이갈때 쓰고 싶습니다
아 참고로 진짜 똥손인데 어렵지 않아요",평점4
38,보다나 트리플 플로우 물결 고데기 크리미블루 40형,별점,"똥손도 완전 가능한 고데기에요 !! 유튭에 한번 실사용동영상 보면서 따라했고 바로 할수있어요 너무 만족스러워요 !! 무게는 약간 무거워서 손목아플숭있는데 금방끝나서 괜찮아요
똥손도 완전 가능한 고데기에요 !! 유튭에 한번 실사용동영상 보면서 따라했고 바로 할수있어요
너무 만족스러워요 !! 무게는 약간 무거워서 손목아플숭있는데 금방끝나서 괜찮아요",평점4
39,보다나 트리플 플로우 물결 고데기 크리미블루 40형,별점,"봉 고데기랑도 고민했고 사이즈도 고민하다 물결 40으로
봉 고데기랑도 고민했고 사이즈도 고민하다 물결 40으로 결정했는데 아주 만족스러워요. 작은 거 했음 아쉬웠을 거 같아요. 간단히 할 수 있고 머리 정말 예쁘게 잘 나오네요. 무조건 추천입니다.",평점4
40,보다나 트리플 플로우 물결 고데기 크리미블루 40형,별점,"저렴하게 구매할수 잇어서 더 기분좋앗구요받자말자 테스트해봤어요컬 예쁘게 잘나와서 기대 이상이에요^^단점 한가지는 솔직히 무거워요,전 긴머리라 팔 떨어져나가요ㅠ
저렴하게 구매할수 잇어서 더 기분좋앗구요
받자말자 테스트해봤어요
컬 예쁘게 잘나와서 기대 이상이에요^^
단점 한가지는 솔직히 무거워요,
전 긴머리라 팔 떨어져나가요ㅠ",평점4
41,보다나 트리플 플로우 물결 고데기 크리미블루 40형,별점,"최고예요
36mm보다 더 굵은 거 하고 싶어서 구매했는데 마음에 들어요. 빨리 뜨거워지고 매트재질이라 촉감 좋아요. 색상도 이뻐요. 받자마자 마른 머리에 해 봤는데 잘 되요.단점은무거움가격 비쌈",평점4
42,보다나 트리플 플로우 물결 고데기 크리미블루 40형,별점,"32mm 사려다가 자연스러운 컬을 원해 후기찾아보고 구매했는데 아직 사용법 미숙이라 익숙해지면 유용할게 쓸 듯해요 무겁긴하지만 물결 만들기 좀 편할 것 같아요!
32mm 사려다가 자연스러운 컬을 원해 후기찾아보고 구매했는데 아직 사용법 미숙이라 익숙해지면 유용할게 쓸 듯해요 무겁긴하지만 물결 만들기 좀 편할 것 같아요!",평점4
43,보다나 트리플 플로우 물결 고데기 크리미블루 40형,별점,"제가 원하는 컬로 잘 나와요!안쪽엔 좀 강하게 하고 겉엔 약하게 하면더 자연스러워요 무겁다는 말이 많았는데저는 괜찮아요 맘에 듭니다 ㅠㅠ 묭실에서 파마 한거같고 아주 좋네용
제가 원하는 컬로 잘 나와요!
안쪽엔 좀 강하게 하고 겉엔 약하게 하면
더 자연스러워요
무겁다는 말이 많았는데
저는 괜찮아요 맘에 듭니다 ㅠㅠ
묭실에서 파마 한거같고 아주 좋네용",평점5
44,보다나 트리플 플로우 물결 고데기 크리미블루 40형,별점,"히피펌을 원한건 아니지만 은은해요 빠글빠글하게 하려면 숙련도가 필요한것 같아요. 장점은 만족의 캐스터네츠를 칠 수 있어요 딱딱딱 아 그리고 접고 피는 손잡이부분에 손가락이 좀 껴요
히피펌을 원한건 아니지만 은은해요 빠글빠글하게 하려면 숙련도가 필요한것 같아요. 장점은 만족의 캐스터네츠를 칠 수 있어요 딱딱딱 아 그리고 접고 피는 손잡이부분에 손가락이 좀 껴요ㅠㅠ",평점5
45,보다나 트리플 플로우 물결 고데기 크리미블루 40형,별점,"시간절약에 약하게 찝으면 자연스러워서 똥손도 완젼 가능해여. 지금은 짧은 단발이라서 아쉽지만 긴마리에하면 왠만항 고데기러 하는것보다 간편할 것 같아요
시간절약에 약하게 찝으면 자연스러워서 똥손도 완젼 가능해여. 지금은 짧은 단발이라서 아쉽지만 긴마리에하면 왠만항 고데기러 하는것보다 간편할 것 같아요",평점5
46,보다나 트리플 플로우 물결 고데기 크리미블루 40형,별점,"보다나 봉 고데기로 파마하다 물결펌도 해보고 싶어 구매했는데 너무 좋네요^^ 전부터 가격 때문에 살까말까 고민했지만 그 고민 왜 했나 싶을 정도로 잘 쓰고 있어요👍🙂
보다나 봉 고데기로 파마하다 물결펌도 해보고 싶어 구매했는데 너무 좋네요^^ 전부터 가격 때문에 살까말까 고민했지만 그 고민 왜 했나 싶을 정도로 잘 쓰고 있어요👍🙂",평점5
47,보다나 트리플 플로우 물결 고데기 크리미블루 40형,별점,"입구가 좀 작아서 손 데일갓 같지만 똥손도 물결파마 이쁘게 되어서 너무 좋아요단점이 있다면 혼자 뒷머리 손 데일까봐 무서워서 다른 사람에기 부탁한다는 점…?ㅎㅎ
입구가 좀 작아서 손 데일갓 같지만 똥손도 물결파마 이쁘게 되어서 너무 좋아요
단점이 있다면 혼자 뒷머리 손 데일까봐 무서워서 다른 사람에기 부탁한다는 점…?ㅎㅎ",평점5
48,보다나 트리플 플로우 물결 고데기 크리미블루 40형,별점,"오우 굿이에요전에 3개짜리 썻엇는데 자국남고 좀부자연 스러웟거든요.이제품은 찝힌 자국없이 자연스럽고 모얇고 숱없는 저에게 굵은 웨이브를 할수잇는 최고에 제품이에요받자마자 대충해보고
오우 굿이에요
전에 3개짜리 썻엇는데 자국남고 좀부자연 스러웟거든요.이제품은 찝힌 자국없이 자연스럽고 모얇고 숱없는 저에게 굵은 웨이브를 할수잇는 최고에 제품이에요
받자마자 대충해보고 사진컷남겻어요^^",평점5
49,보다나 트리플 플로우 물결 고데기 크리미블루 40형,별점,"자연스러운 물결펌 연출이 가능합니다.다른 리뷰들처럼 좀 많이 무거워서 팔이 아프지만나만의 요령만 터득하면 제대로 사용할 수 있을거 같네요.
자연스러운 물결펌 연출이 가능합니다.
다른 리뷰들처럼 좀 많이 무거워서 팔이 아프지만
나만의 요령만 터득하면 제대로 사용할 수 있을거 같네요.",평점5
50,보다나 트리플 플로우 물결 고데기 크리미블루 40형,별점,"기대 이상이에요...♡너무 히피스러운 펌은 괜히 부담됐는데후기는 23mm?가 훨씬 많아서 고민하다가그래도 회사 다닐거 생각하면서 40mm로 후기 적어도질렀는데 너무 만족합니다잘 쓸
기대 이상이에요...♡
너무 히피스러운 펌은 괜히 부담됐는데
후기는 23mm?가 훨씬 많아서 고민하다가

그래도 회사 다닐거 생각하면서 40mm로 후기 적어도
질렀는데 너무 만족합니다

잘 쓸게요 많이 파세요!",평점5
51,보다나 트리플 플로우 물결 고데기 크리미블루 40형,별점,"최고예요
배송출고는 빨랐으나 중간과정이 더뎠음그치만 색이 이쁘고, 할인된가격에 사서 만족오자마자 머리했더니 대충해도 컬 잘나와용온도는 긴머리 기준 180도 추천",평점5
52,보다나 트리플 플로우 물결 고데기 크리미블루 40형,별점,"머리가 저처럼 긴머리이신 분들은 40미리 강추입니다. 매우쉬워서 한두번 연습하면 바로 손에 익어서 진짜 예쁜 물결머리 가능이에요! 시작점을 잘잡는게 제일 중요한거같아요
머리가 저처럼 긴머리이신 분들은 40미리 강추입니다. 매우쉬워서 한두번 연습하면 바로 손에 익어서 진짜 예쁜 물결머리 가능이에요! 시작점을 잘잡는게 제일 중요한거같아요",평점5
53,보다나 트리플 플로우 물결 고데기 크리미블루 40형,별점,"반신반의 하고 주문 했는데 너무 잘됩니다!! 매일 고데기웨이브만 하다가 물결펌 하니 기분전환 100프로!! 저의 꿀팁은 전날 머리를 따고 자면 아침에 풀린 부분만 물결펌 해주고
반신반의 하고 주문 했는데 너무 잘됩니다!! 매일 고데기웨이브만 하다가 물결펌 하니 기분전환 100프로!! 저의 꿀팁은 전날 머리를 따고 자면 아침에 풀린 부분만 물결펌 해주고 있습니다 너무 쉽고 유지도 짱입니다",평점5
54,보다나 트리플 플로우 물결 고데기 크리미블루 40형,별점,"32미리는 그래도 히피처럼 나오고 편했는데 40미리는 너무 무겁고 히피느낌도 잘 안나요.. 혼자하긴 팔이 너무 아프다는.. 그리고 머리에서 탄내 나서 음.. 처음이라 잘 못해서 그
32미리는 그래도 히피처럼 나오고 편했는데 40미리는 너무 무겁고 히피느낌도 잘 안나요.. 혼자하긴 팔이 너무 아프다는.. 그리고 머리에서 탄내 나서 음.. 처음이라 잘 못해서 그런거라고 믿고싶네요 ㅠㅠ..",평점5
55,보다나 트리플 플로우 물결 고데기 크리미블루 40형,별점,"무거운 것 빼곤 다 좋았어요 40미리가 컬이 굵게 나오는 편이긴 하지만 촘촘하게 하면 사진처럼 히피한 느낌도 연출할 수 있어서 좋네요ㅎㅎ
무거운 것 빼곤 다 좋았어요 40미리가 컬이 굵게 나오는 편이긴 하지만 촘촘하게 하면 사진처럼 히피한 느낌도 연출할 수 있어서 좋네요ㅎㅎ",평점5
56,보다나 트리플 플로우 물결 고데기 크리미블루 40형,별점,"이주만에 고장나서 as 했어요 ㅠ 그 이후론 잘 안쓰게 되네엽,, 유튜브 보고 몇번 따라하니까 오분이면 긴 생머리(허리중간)가 완성 댑니당
이주만에 고장나서 as 했어요 ㅠ 그 이후론 잘 안쓰게 되네엽,, 유튜브 보고 몇번 따라하니까 오분이면 긴 생머리(허리중간)가 완성 댑니당",평점5
57,보다나 트리플 플로우 물결 고데기 크리미블루 40형,별점,"물결 그냥 고데기로 할수 있지만 간편하고 모양이 일정하게 이쁘게 하기론 최고 인거 같아오 잘산듯 밑에만 하면 부담되지 않게 데일리로 하고 다니기 좋아요
물결 그냥 고데기로 할수 있지만 간편하고 모양이 일정하게 이쁘게 하기론 최고 인거 같아오
잘산듯 밑에만 하면 부담되지 않게 데일리로 하고 다니기 좋아요",평점5
58,보다나 트리플 플로우 물결 고데기 크리미블루 40형,별점,"큰 기대 안 하고 구입한 건데, 후기들이 거짓이 아님을 알 수 있엇어요!! 넘 이쁘게 잘 됩니다 긴 머리가 아닌데도 이뻐요. 머리 더 길러서 계속 사용해보려구요..
큰 기대 안 하고 구입한 건데, 후기들이 거짓이 아님을 알 수 있엇어요!! 넘 이쁘게 잘 됩니다 긴 머리가 아닌데도 이뻐요. 머리 더 길러서 계속 사용해보려구요..",평점5
59,보다나 트리플 플로우 물결 고데기 크리미블루 40형,별점,"무겁다...손목 무리감컬이 좀 더 굵었으면 좋겠는데 좀 작은 느낌. . .그래도 내가 찾은거중 이게 젤 굵은걸로 알고 만족하면 써보려함
무겁다...손목 무리감
컬이 좀 더 굵었으면 좋겠는데 좀 작은 느낌. . .
그래도 내가 찾은거중 이게 젤 굵은걸로 알고 만족하면 써보려함",평점5
60,보다나 트리플 플로우 물결 고데기 크리미블루 40형,별점,"기분 전환 하고 싶을 때 딱입니다.고데기 초보는...
기분 전환 하고 싶을 때 딱입니다.

고데기 초보는

롤이 굵어 그 사이로

머리카락 넣는 것도 어렵지만

익숙해지면 잘 사용할 것 같아요.",평점5
61,보다나 트리플 플로우 물결 고데기 크리미블루 40형,별점,"보다나봉고데기쓰고너무좋아서이거또구입했는데이건좀불편하네요~한쪽은잘되는데방향전환이안되다보니양쪽비대칭이된다는ㅠㅠ유튜브보고쉬워보여서구입했는데저는똥손인가봐요
보다나봉고데기쓰고너무좋아서이거또구입했는데이건좀불편하네요~한쪽은잘되는데방향전환이안되다보니양쪽비대칭이된다는ㅠㅠ유튜브보고쉬워보여서구입했는데저는똥손인가봐요",평점5
62,보다나 트리플 플로우 물결 고데기 크리미블루 40형,별점,"머리를 하는동안 고데기 무게가 있어 손목이 아프긴 했지만 자연스러운 물결펌이 나와 대만족!! 전날 오전에 머리를 하고 나갔는데 다음날까지 펌이 그대로였어요!! 긴머리라 미용실에서
머리를 하는동안 고데기 무게가 있어 손목이 아프긴 했지만 자연스러운 물결펌이 나와 대만족!! 전날 오전에 머리를 하고 나갔는데 다음날까지 펌이 그대로였어요!! 긴머리라 미용실에서 머리하기 부담이였는데 돈 굳었어요~",평점5
63,보다나 트리플 플로우 물결 고데기 크리미블루 40형,별점,"최고예요
일반 고데기로는 하기 힘든 물결펌을 쉽게 할수 있어요온도를 높여서 할경우 컬이 잘 나와요!고데기 자체 무게는 조금 있는편이라서 아쉽지만 그래도 컬이 잘 나오니 아주 만족이네요",평점5
64,보다나 트리플 플로우 물결 고데기 크리미블루 40형,별점,"준마32는 굵은히피펌 느낌이라면얘는 물결느낌이에요. 그래서 찝은티가 나는거같아요.전 준마가 자연스럽네요.. 제가 첨이라 그런지 몰라도. .갠적취향으로 전 준마 계속 쓸거가타요.
준마32는 굵은히피펌 느낌이라면
얘는 물결느낌이에요. 그래서 찝은티가 나는거같아요.
전 준마가 자연스럽네요.. 제가 첨이라 그런지 몰라도. .갠적취향으로 전 준마 계속 쓸거가타요..
준마보다 빨리되긴 해요.",평점2
65,보다나 트리플 플로우 물결 고데기 크리미블루 40형,별점,"최고예요
정말 핫딜일때 구입했어요!!!11번가 짱!!!자주 쓰진않지만 컬진짜 잘나오고 이뻐서머리묶을때도 물결펌하고 하면 너무 예뻐요",평점2
66,보다나 트리플 플로우 물결 고데기 크리미블루 40형,별점,"보다나 물결고데기 색상이 봉고데기만큼 예뻐요 32mm살걸 살짝 후회 되지만 뜸들이기와 텐션 테크닉을 익히면 더 잘 사용할 수 있을 것 같아요~ 머리가 허리까지 오시는 분이 아니라면
보다나 물결고데기 색상이 봉고데기만큼 예뻐요 32mm살걸 살짝 후회 되지만 뜸들이기와 텐션 테크닉을 익히면 더 잘 사용할 수 있을 것 같아요~ 머리가 허리까지 오시는 분이 아니라면 32mm추천입니다",평점2
67,보다나 트리플 플로우 물결 고데기 크리미블루 40형,별점,"색다르게 하고싶은 날 사용합니다. 하핫 그런데 우아한 느낌이 더 좋아서인지 원래 보다나제품을 더 많이 쓰게 되네요.
색다르게 하고싶은 날 사용합니다. 하핫 그런데 우아한 느낌이 더 좋아서인지 원래 보다나제품을 더 많이 쓰게 되네요.",평점2
68,보다나 트리플 플로우 물결 고데기 크리미블루 40형,별점,"좋아요!봉고데기를 반 때서 붙인듯한 디자인이기때문에 봉무게가있음 이게 일자가아니고 넙덕하게 되어있어 더 무거운거같음 무게 개선만되면 다음세대 살만한거같음
좋아요!
봉고데기를 반 때서 붙인듯한 디자인이기때문에 봉무게가있음 이게 일자가아니고 넙덕하게 되어있어 더 무거운거같음 무게 개선만되면 다음세대 살만한거같음",평점2
69,보다나 트리플 플로우 물결 고데기 크리미블루 40형,별점,"잘되고 컬이 굵직해서 원하던 스타일이에요~만족합니다 한날은 좀 컬도 쎄고 잔머리도 좀뜨거하는데 자고인나면 안풀리고 잔머리가라앉고자연스럽고이뻐여 예열도 빨리되고 아주 만족중이에요
잘되고 컬이 굵직해서 원하던 스타일이에요~만족합니다 한날은 좀 컬도 쎄고 잔머리도 좀뜨거하는데 자고인나면 안풀리고 잔머리가라앉고자연스럽고이뻐여 예열도 빨리되고 아주 만족중이에요",평점2
70,보다나 트리플 플로우 물결 고데기 크리미블루 40형,별점,"제품색상이 엄청이뻐요 숱많으누직모라 잠깐 해봤는데... 숱이 너무 많네요 머리는잘되요 제팔 뿌라질거같아요 ㅠ
제품색상이 엄청이뻐요 숱많으누직모라 잠깐 해봤는데... 숱이 너무 많네요 머리는잘되요 제팔 뿌라질거같아요 ㅠ",평점2
71,보다나 트리플 플로우 물결 고데기 크리미블루 40형,별점,"쉽게 물결머리 할수도 있고 빠르게 되요!부시시해보이지 않아서 너무 좋은거같아요!택배오자마자 바로 테스트 했는데 너무 만족합니다~
쉽게 물결머리 할수도 있고 빠르게 되요!
부시시해보이지 않아서 너무 좋은거같아요!
택배오자마자 바로 테스트 했는데 너무 만족합니다~",평점2
72,보다나 트리플 플로우 물결 고데기 크리미블루 40형,별점,"우선 패키지가 너무너무 예뻐요ㅜㅜ 그리고 조금 무겁고 큰 감이 있긴한데 저같은 똥손도 예쁘고 쉽게 머리할수있어서 넘 좋았습니당..!
우선 패키지가 너무너무 예뻐요ㅜㅜ 그리고 조금 무겁고 큰 감이 있긴한데 저같은 똥손도 예쁘고 쉽게 머리할수있어서 넘 좋았습니당..!",평점2
73,보다나 트리플 플로우 물결 고데기 크리미블루 40형,별점,"보다나 봉고데기도 쓰고 있는데 보다나꺼 쓰면 진짜 믿고 구매하게 되여 제가 염색에 손상모인데 아직까지 잘 살아있어요... 심지어 얇은 머리카락인데도 불구하고ㅜㅜ
보다나 봉고데기도 쓰고 있는데 보다나꺼 쓰면 진짜 믿고 구매하게 되여 제가 염색에 손상모인데 아직까지 잘 살아있어요... 심지어 얇은 머리카락인데도 불구하고ㅜㅜ",평점2
74,보다나 트리플 플로우 물결 고데기 크리미블루 40형,별점,"아직은 곰손이라 익숙하지는 않지만 하는 법 영상 잘 따라하고 손에 익으면 너무 좋을 거 같아요! 잘 쓸게요. :)
아직은 곰손이라 익숙하지는 않지만 하는 법 영상 잘 따라하고 손에 익으면 너무 좋을 거 같아요! 잘 쓸게요. :)",평점2
75,보다나 트리플 플로우 물결 고데기 크리미블루 40형,별점,"굵은 히피펌 느낌도 낼 수 있고 생각보다 무겁지 않던데요 전,,, 힘이 센건가 ㅋㅋ 아무튼 손 자주 갈 것 같네용
굵은 히피펌 느낌도 낼 수 있고 생각보다 무겁지 않던데요 전,,, 힘이 센건가 ㅋㅋ 아무튼 손 자주 갈 것 같네용",평점2
76,보다나 트리플 플로우 물결 고데기 크리미블루 40형,별점,"기술 없이도 물결펌 잘 나와서 좋아요! 다만 전원 아래 이음부분에 살이 잘 찝혀서 손가락에 멍이 들었어요ㅠ
기술 없이도 물결펌 잘 나와서 좋아요! 다만 전원 아래 이음부분에 살이 잘 찝혀서 손가락에 멍이 들었어요ㅠ",평점2
77,보다나 트리플 플로우 물결 고데기 크리미블루 40형,별점,"다들 쉽다고 했는데 저는 좀 적응하기 힘들었어요ㅋㅋ 근데 이제 손에 익히니까 물결 너무 예쁘게나와요☺️
다들 쉽다고 했는데 저는 좀 적응하기 힘들었어요ㅋㅋ 근데 이제 손에 익히니까 물결 너무 예쁘게나와요☺️",평점2
78,보다나 트리플 플로우 물결 고데기 크리미블루 40형,별점,"아직 사용해보진 않았지만 기대됩니다~!!색상도 마음에 들고 실리콘도 와서 좋은 거 같아요 ㅎㅎ똥손에게는 꿀템이 될 것 같습니다~!
아직 사용해보진 않았지만 기대됩니다~!!
색상도 마음에 들고 실리콘도 와서 좋은 거 같아요 ㅎㅎ
똥손에게는 꿀템이 될 것 같습니다~!",평점2
79,보다나 트리플 플로우 물결 고데기 크리미블루 40형,별점,"오자마자 해봤는데 후기처럼 무게감이 조금 있습니다 워낙 똥손이라 몇번 더 해봐야 감을 잡을 것 같아요;)
오자마자 해봤는데 후기처럼 무게감이 조금 있습니다 워낙 똥손이라 몇번 더 해봐야 감을 잡을 것 같아요;)",평점2
80,보다나 트리플 플로우 물결 고데기 크리미블루 40형,별점,"계속 쓰다보니 노하우가 생겨서 전날 빡세게 찝고 자면 다음날 자연스러운 물결헤어로 다닐 수 있어용 굳!
계속 쓰다보니 노하우가 생겨서 전날 빡세게 찝고 자면 다음날 자연스러운 물결헤어로 다닐 수 있어용 굳!",평점2
81,보다나 트리플 플로우 물결 고데기 크리미블루 40형,별점,"물결펌 너무 하고싶은데 미용실가서하면 원하는컬 안나오고ㅠㅠ 고민고민하다 샀는데 만족스러워용 무거운건 어쩔수없지만ㅠ
물결펌 너무 하고싶은데 미용실가서하면 원하는컬 안나오고ㅠㅠ 고민고민하다 샀는데 만족스러워용 무거운건 어쩔수없지만ㅠ",평점2
82,보다나 트리플 플로우 물결 고데기 크리미블루 40형,별점,"조작법도 쉽고 컬도 잘나와서 만족합니당다만 온도조절 버튼이 이전 보다나와 다르게 버튼식이라머리하다가 자꾸 눌러버려서 온도가 바뀌거나 꺼지네요...ㅎㅎ
조작법도 쉽고 컬도 잘나와서 만족합니당
다만 온도조절 버튼이 이전 보다나와 다르게 버튼식이라
머리하다가 자꾸 눌러버려서 온도가 바뀌거나 꺼지네요...ㅎㅎ",평점2
83,보다나 트리플 플로우 물결 고데기 크리미블루 40형,별점,"단발 머리인데 대만족 입니다. 40mm 찾고 있었는데 보다나에서 나와서 바로 질렀어요. 선택하길 잘했네요.
단발 머리인데 대만족 입니다. 40mm 찾고 있었는데 보다나에서 나와서 바로 질렀어요. 선택하길 잘했네요.",평점2
84,보다나 트리플 플로우 물결 고데기 크리미블루 40형,별점,"고민하다가 구매했오요 !고데기로 펌은 성공해본적이 없는데 ㅋㅋ이건 연습하면 잘할 수 있을 것같아요
고민하다가 구매했오요 !
고데기로 펌은 성공해본적이 없는데 ㅋㅋ
이건 연습하면 잘할 수 있을 것같아요",평점2
85,보다나 트리플 플로우 물결 고데기 크리미블루 40형,별점,"동영상으로는 쉬워보였는데 막상 제가 하니까 어렵네요 ㅠㅡㅠ,, 계속 연습해봐야 손에 익을것같아여..
동영상으로는 쉬워보였는데 막상 제가 하니까 어렵네요 ㅠㅡㅠ,, 계속 연습해봐야 손에 익을것같아여..",평점5
86,보다나 트리플 플로우 물결 고데기 크리미블루 40형,별점,"장갑이랑 같이 옵니당넘 무거워서 머리 집기 좀 불편해요ㅠ그래더 집에서 물결펌 할 수 있어서 좋아용
장갑이랑 같이 옵니당
넘 무거워서 머리 집기 좀 불편해요ㅠ
그래더 집에서 물결펌 할 수 있어서 좋아용",평점5
87,보다나 트리플 플로우 물결 고데기 크리미블루 40형,별점,"윗부분 은 잘되는데 밑에는 잘 안되고많이 넣어서 해야 웨이브 잘나와요전체적으로 뜨겁고 무거운 편
윗부분 은 잘되는데 밑에는 잘 안되고
많이 넣어서 해야 웨이브 잘나와요
전체적으로 뜨겁고 무거운 편",평점5
88,보다나 트리플 플로우 물결 고데기 크리미블루 40형,별점,"배송은빠르구 컬러가 이거밖에없어서 조금은 아쉽지만… 자주는아니더라두 사용하게될거같아요~
배송은빠르구 컬러가 이거밖에없어서 조금은 아쉽지만… 자주는아니더라두 사용하게될거같아요~",평점5
89,보다나 트리플 플로우 물결 고데기 크리미블루 40형,별점,"저 이거 왜 늦게 샀죠 ?....진짜 대 대 대 대 대만족이에요 !!!!!너무 간편하고 컬도 진짜 잘 나와요 ㅎㅎ하루종일 안풀리고 유지도 굿 굿
저 이거 왜 늦게 샀죠 ?....
진짜 대 대 대 대 대만족이에요 !!!!!
너무 간편하고 컬도 진짜 잘 나와요 ㅎㅎ
하루종일 안풀리고 유지도 굿 굿",평점5
90,보다나 트리플 플로우 물결 고데기 크리미블루 40형,별점,"첨부터 이렇게 왔는데 ㅋ 먼지도 막 붙어있고이래도 반품안된다할건가요?여튼 서보고 연락드릴께요
첨부터 이렇게 왔는데 ㅋ 먼지도 막 붙어있고
이래도 반품안된다
할건가요?
여튼 서보고 연락드릴께요",평점5
91,보다나 트리플 플로우 물결 고데기 크리미블루 40형,별점,"한번 했는데도 머리가 많이 상해서 별하나 뺐어요ㅠ그치만 손쉽게 물결할수 있어서 참 만족합니다!
한번 했는데도 머리가 많이 상해서 별하나 뺐어요ㅠ
그치만 손쉽게 물결할수 있어서 참 만족합니다!",평점5
92,보다나 트리플 플로우 물결 고데기 크리미블루 40형,별점,"아직사용전이긴한데 기존에 32미리사용하고 더굵은 물결을...
아직사용전이긴한데 기존에 32미리사용하고 더굵은 물결을원했는데 보다나에서출시되고 구매해야겠다고 고민안하고 질럿어요 ㅎ사용감도편하고 기대됩니다^",평점5
93,보다나 트리플 플로우 물결 고데기 크리미블루 40형,별점,"배송빠름요 무거운거 말곤 컬크기 과하지 않고 딱좋요시간지나서 자연스러워지면컬이 더예쁘네요
배송빠름요
무거운거 말곤 컬크기
과하지 않고 딱좋요
시간지나서 자연스러워지면
컬이 더예쁘네요",평점5
94,보다나 트리플 플로우 물결 고데기 크리미블루 40형,별점,"굉장히 쉽고 빠르게 뽀글뽀글한 물결웨이브 만들수 있어요! 이렇게 뽀글할거라고 생각하고 산건 아닌데 나쁘지 않아서 가끔 연출 해보려구요~
굉장히 쉽고 빠르게 뽀글뽀글한 물결웨이브 만들수 있어요! 이렇게 뽀글할거라고 생각하고 산건 아닌데 나쁘지 않아서 가끔 연출 해보려구요~",평점5
95,보다나 트리플 플로우 물결 고데기 크리미블루 40형,별점,"친구선물줬어요! 아주 맘에들어하는군요 저도 이런거 써보고싶은데 어떻게쓰는지몰라요 아쉽다..
친구선물줬어요! 아주 맘에들어하는군요 저도 이런거 써보고싶은데 어떻게쓰는지몰라요 아쉽다..",평점5
96,보다나 트리플 플로우 물결 고데기 크리미블루 40형,별점,"처음엔 좀 어색했는데 두번째부터는 잘하고있어요~~ 예쁘게 물결웨이브 쉽게하게되어서 좋아요.
처음엔 좀 어색했는데 두번째부터는 잘하고있어요~~ 예쁘게 물결웨이브 쉽게하게되어서 좋아요.",평점5
97,보다나 트리플 플로우 물결 고데기 크리미블루 40형,별점,"평이좋아서구매해봤는데색상이나배송도빠르고넘맘에드네여 ㅎ똥손이라서잘사용할거같아여 ㅎ
평이좋아서구매해봤는데색상이나배송도빠르고넘맘에드네여 ㅎ똥손이라서잘사용할거같아여 ㅎ",평점5
98,보다나 트리플 플로우 물결 고데기 크리미블루 40형,별점,"진짜 쉬워요. 긴머린데 다 하는데 10분정도 걸리고 요령 없어도 잘 되던데 저는 너무 추천합니다!
진짜 쉬워요. 긴머린데 다 하는데 10분정도 걸리고 요령 없어도 잘 되던데 저는 너무 추천합니다!",평점5
99,보다나 트리플 플로우 물결 고데기 크리미블루 40형,별점,"제가 똥손이라그런지 모양이예쁘게안나오네요 ㅠㅠ 연습좀해봐야겠습니다.. 제품자체는좋아요
제가 똥손이라그런지 모양이예쁘게안나오네요 ㅠㅠ 연습좀해봐야겠습니다.. 제품자체는좋아요",평점5
100,보다나 트리플 플로우 물결 고데기 크리미블루 40형,별점,"받자말자 테스트해보니 이쁘게나오는것같은데 단발머리하기에 손에 만이 익혀야될듯싶습니다
받자말자 테스트해보니 이쁘게나오는것같은데 단발머리하기에 손에 만이 익혀야될듯싶습니다",평점5
